ano,cod_orgao,orgao,poder,cod_uo,uo,seq_progtrab,funcao,sub_funcao,programa,ident_projativ,proj_ativ,acao,valor__r__,iag,desc_projeto_ativ,categoria,cod_natureza,natureza,cod_fonte,fonte,nome_acao,nome_programa
2024,1220,SECRETARIA DE ESTADO DE DESENVOLVIMENTO ECONÔMICO - SEDE,3,5011,COMPANHIA DE DESENVOLVIMENTO ECONÔMICO DE MINAS GERAIS - CODEMIG,10929,4,122,133,3,17,3017,1000.00,0,MANUTENÇÃO E AQUISIÇÕES DA CODEMIG,4610 - IMOBILIZAÇÕES,4614,"MÁQUINAS, APARELHOS E EQUIPAMENTOS",51000,RECURSOS PRÓPRIOS,MANUTENÇÃO E AQUISIÇÕES DA CODEMIG,MINAS GERAÇÃO DE VALOR
2024,1220,SECRETARIA DE ESTADO DE DESENVOLVIMENTO ECONÔMICO - SEDE,3,5031,COMPANHIA DE DESENVOLVIMENTO DE MINAS GERAIS - CODEMG,10927,19,572,133,3,15,3015,12580000.00,0,"GESTÃO DE INFRAESTRUTURA, CONSÓRCIOS E EQUIPAMENTOS CULTURAIS E TURÍSTICOS",4610 - IMOBILIZAÇÕES,4613,OBRAS E INSTALAÇÕES,51000,RECURSOS PRÓPRIOS,"GESTÃO DE INFRAESTRUTURA, CONSÓRCIOS E EQUIPAMENTOS CULTURAIS E TURÍSTICOS",MINAS GERAÇÃO DE VALOR
2024,1220,SECRETARIA DE ESTADO DE DESENVOLVIMENTO ECONÔMICO - SEDE,3,5071,COMPANHIA DE HABITAÇÃO DO ESTADO DE MINAS GERAIS - COHAB,9775,16,122,705,6,10,6010,120000.00,0,MANUTENÇÃO E ADEQUAÇÃO DA INFRAESTRUTURA ADMINISTRATIVA - COHAB,4610 - IMOBILIZAÇÕES,4614,"MÁQUINAS, APARELHOS E EQUIPAMENTOS",51000,RECURSOS PRÓPRIOS,MANUTENÇÃO E ADEQUAÇÃO DA INFRAESTRUTURA ADMINISTRATIVA - COHAB,APOIO ÀS POLÍTICAS PÚBLICAS
2024,1220,SECRETARIA DE ESTADO DE DESENVOLVIMENTO ECONÔMICO - SEDE,3,5081,COMPANHIA DE SANEAMENTO DE MINAS GERAIS - COPASA,10599,17,512,27,6,3,6003,50000.00,0,ADEQUAÇÃO DA INFRA-ESTRUTURA ADMINISTRATIVA E OPERACIONAL - COPASA,4610 - IMOBILIZAÇÕES,4614,"MÁQUINAS, APARELHOS E EQUIPAMENTOS",22199,OP CRÉD A CONTRATAR INTERNA - OUTRAS,ADEQUAÇÃO DA INFRA-ESTRUTURA ADMINISTRATIVA E OPERACIONAL - COPASA,GESTÃO AMBIENTAL
2024,1220,SECRETARIA DE ESTADO DE DESENVOLVIMENTO ECONÔMICO - SEDE,3,5081,COMPANHIA DE SANEAMENTO DE MINAS GERAIS - COPASA,10599,17,512,27,6,3,6003,50000.00,0,ADEQUAÇÃO DA INFRA-ESTRUTURA ADMINISTRATIVA E OPERACIONAL - COPASA,4610 - IMOBILIZAÇÕES,4614,"MÁQUINAS, APARELHOS E EQUIPAMENTOS",51000,RECURSOS PRÓPRIOS,ADEQUAÇÃO DA INFRA-ESTRUTURA ADMINISTRATIVA E OPERACIONAL - COPASA,GESTÃO AMBIENTAL
2024,1220,SECRETARIA DE ESTADO DE DESENVOLVIMENTO ECONÔMICO - SEDE,3,5081,COMPANHIA DE SANEAMENTO DE MINAS GERAIS - COPASA,10593,17,512,27,8,3,8003,100000000.00,0,UNIVERSALIZAÇÃO DOS SERVIÇOS DE SANEAMENTO NA ÁREA DA COPASA,4610 - IMOBILIZAÇÕES,4611,TERRENOS,51000,RECURSOS PRÓPRIOS,UNIVERSALIZAÇÃO DOS SERVIÇOS DE SANEAMENTO NA ÁREA DA COPASA,GESTÃO AMBIENTAL
2024,1220,SECRETARIA DE ESTADO DE DESENVOLVIMENTO ECONÔMICO - SEDE,3,5081,COMPANHIA DE SANEAMENTO DE MINAS GERAIS - COPASA,10593,17,512,27,8,3,8003,250000000.00,0,UNIVERSALIZAÇÃO DOS SERVIÇOS DE SANEAMENTO NA ÁREA DA COPASA,4610 - IMOBILIZAÇÕES,4613,OBRAS E INSTALAÇÕES,21204,OP CRÉD CONTRAT EXTERNA - KFW,UNIVERSALIZAÇÃO DOS SERVIÇOS DE SANEAMENTO NA ÁREA DA COPASA,GESTÃO AMBIENTAL
2024,1220,SECRETARIA DE ESTADO DE DESENVOLVIMENTO ECONÔMICO - SEDE,3,5081,COMPANHIA DE SANEAMENTO DE MINAS GERAIS - COPASA,10593,17,512,27,8,3,8003,1062500000.00,0,UNIVERSALIZAÇÃO DOS SERVIÇOS DE SANEAMENTO NA ÁREA DA COPASA,4610 - IMOBILIZAÇÕES,4613,OBRAS E INSTALAÇÕES,22199,OP CRÉD A CONTRATAR INTERNA - OUTRAS,UNIVERSALIZAÇÃO DOS SERVIÇOS DE SANEAMENTO NA ÁREA DA COPASA,GESTÃO AMBIENTAL
2024,1220,SECRETARIA DE ESTADO DE DESENVOLVIMENTO ECONÔMICO - SEDE,3,5081,COMPANHIA DE SANEAMENTO DE MINAS GERAIS - COPASA,10593,17,512,27,8,3,8003,97500000.00,0,UNIVERSALIZAÇÃO DOS SERVIÇOS DE SANEAMENTO NA ÁREA DA COPASA,4610 - IMOBILIZAÇÕES,4613,OBRAS E INSTALAÇÕES,51000,RECURSOS PRÓPRIOS,UNIVERSALIZAÇÃO DOS SERVIÇOS DE SANEAMENTO NA ÁREA DA COPASA,GESTÃO AMBIENTAL
2024,1220,SECRETARIA DE ESTADO DE DESENVOLVIMENTO ECONÔMICO - SEDE,3,5081,COMPANHIA DE SANEAMENTO DE MINAS GERAIS - COPASA,10593,17,512,27,8,3,8003,40000000.00,0,UNIVERSALIZAÇÃO DOS SERVIÇOS DE SANEAMENTO NA ÁREA DA COPASA,4610 - IMOBILIZAÇÕES,4614,"MÁQUINAS, APARELHOS E EQUIPAMENTOS",22199,OP CRÉD A CONTRATAR INTERNA - OUTRAS,UNIVERSALIZAÇÃO DOS SERVIÇOS DE SANEAMENTO NA ÁREA DA COPASA,GESTÃO AMBIENTAL
2024,1220,SECRETARIA DE ESTADO DE DESENVOLVIMENTO ECONÔMICO - SEDE,3,5081,COMPANHIA DE SANEAMENTO DE MINAS GERAIS - COPASA,10603,17,512,27,8,4,8004,45752420.00,0,PPP SISTEMA ADUTOR RIO MANSO,4610 - IMOBILIZAÇÕES,4613,OBRAS E INSTALAÇÕES,51000,RECURSOS PRÓPRIOS,PPP SISTEMA ADUTOR RIO MANSO,GESTÃO AMBIENTAL
2024,1220,SECRETARIA DE ESTADO DE DESENVOLVIMENTO ECONÔMICO - SEDE,3,5121,COMPANHIA ENERGÉTICA DE MINAS GERAIS - CEMIG HOLDING,10542,25,752,35,3,10,3010,344720630.00,0,INVESTIMENTOS EM PARTICIPAÇÕES SOCIETÁRIAS CEMIG HOLDING,4510 - PARTICIPAÇÃO SOCIETÁRIA,4511,SOCIEDADES CONTROLADAS,51000,RECURSOS PRÓPRIOS,INVESTIMENTOS EM PARTICIPAÇÕES SOCIETÁRIAS CEMIG HOLDING,INVESTIMENTOS CEMIG
2024,1220,SECRETARIA DE ESTADO DE DESENVOLVIMENTO ECONÔMICO - SEDE,3,5121,COMPANHIA ENERGÉTICA DE MINAS GERAIS - CEMIG HOLDING,9994,25,752,35,3,11,3011,40000.00,0,MANUTENÇÃO DA INFRAESTRUTURA DA CEMIG HOLDING,4810 - OUTRAS APLICAÇÕES,4817,EQUIPAMENTOS E SOFTWARE,51000,RECURSOS PRÓPRIOS,MANUTENÇÃO DA INFRAESTRUTURA DA CEMIG HOLDING,INVESTIMENTOS CEMIG
2024,1220,SECRETARIA DE ESTADO DE DESENVOLVIMENTO ECONÔMICO - SEDE,3,5191,MINAS GERAIS PARTICIPAÇÕES S.A - MGI,9796,4,122,13,6,11,6011,670000.00,0,MANUTENÇÃO E ADEQUAÇÃO DA INFRAESTRUTURA DA MGI,4810 - OUTRAS APLICAÇÕES,4817,EQUIPAMENTOS E SOFTWARE,51000,RECURSOS PRÓPRIOS,MANUTENÇÃO E ADEQUAÇÃO DA INFRAESTRUTURA DA MGI,APORTE DE CAPITAL E MANUTENÇÃO DA INFRAESTRUTURA DA MGI
2024,1220,SECRETARIA DE ESTADO DE DESENVOLVIMENTO ECONÔMICO - SEDE,3,5191,MINAS GERAIS PARTICIPAÇÕES S.A - MGI,10513,4,122,24,6,2,6002,38999371.00,0,SUPORTE AO DESENVOLVIMENTO ESTADUAL,4810 - OUTRAS APLICAÇÕES,4819,OUTRAS APLICAÇÕES,11101,TESOURO ORDINÁRIO - APLICAÇÃO LIVRE,SUPORTE AO DESENVOLVIMENTO ESTADUAL,DESENVOLVIMENTO SOCIOECONÔMICO
2024,1220,SECRETARIA DE ESTADO DE DESENVOLVIMENTO ECONÔMICO - SEDE,3,5191,MINAS GERAIS PARTICIPAÇÕES S.A - MGI,10513,4,122,24,6,2,6002,186000.00,0,SUPORTE AO DESENVOLVIMENTO ESTADUAL,4810 - OUTRAS APLICAÇÕES,4819,OUTRAS APLICAÇÕES,51000,RECURSOS PRÓPRIOS,SUPORTE AO DESENVOLVIMENTO ESTADUAL,DESENVOLVIMENTO SOCIOECONÔMICO
2024,1220,SECRETARIA DE ESTADO DE DESENVOLVIMENTO ECONÔMICO - SEDE,3,5191,MINAS GERAIS PARTICIPAÇÕES S.A - MGI,9058,4,123,13,6,1,6001,1000.00,0,INVESTIMENTOS VIA PARTICIPAÇÃO SOCIETÁRIA,4510 - PARTICIPAÇÃO SOCIETÁRIA,4511,SOCIEDADES CONTROLADAS,11101,TESOURO ORDINÁRIO - APLICAÇÃO LIVRE,INVESTIMENTOS VIA PARTICIPAÇÃO SOCIETÁRIA,APORTE DE CAPITAL E MANUTENÇÃO DA INFRAESTRUTURA DA MGI
2024,1220,SECRETARIA DE ESTADO DE DESENVOLVIMENTO ECONÔMICO - SEDE,3,5191,MINAS GERAIS PARTICIPAÇÕES S.A - MGI,9058,4,123,13,6,1,6001,1000.00,0,INVESTIMENTOS VIA PARTICIPAÇÃO SOCIETÁRIA,4510 - PARTICIPAÇÃO SOCIETÁRIA,4511,SOCIEDADES CONTROLADAS,51000,RECURSOS PRÓPRIOS,INVESTIMENTOS VIA PARTICIPAÇÃO SOCIETÁRIA,APORTE DE CAPITAL E MANUTENÇÃO DA INFRAESTRUTURA DA MGI
2024,1220,SECRETARIA DE ESTADO DE DESENVOLVIMENTO ECONÔMICO - SEDE,3,5201,BANCO DE DESENVOLVIMENTO DE MINAS GERAIS S.A - BDMG,9087,23,122,17,6,4,6004,23908160.00,0,MANUTENÇÃO E ADEQUAÇÃO DA INFRA-ESTRUTURA ADMINISTRATIVA E OPERACIONAL DO BDMG,4810 - OUTRAS APLICAÇÕES,4813,INTANGÍVEIS E OUTROS INVESTIMENTOS,12400,OUTRAS ENTIDADES - BDMG,MANUTENÇÃO E ADEQUAÇÃO DA INFRA-ESTRUTURA ADMINISTRATIVA E OPERACIONAL DO BDMG,INVESTIMENTO NA INFRAESTRUTURA ADMINISTRATIVA E OPERACIONAL DO BDMG
2024,1220,SECRETARIA DE ESTADO DE DESENVOLVIMENTO ECONÔMICO - SEDE,3,5201,BANCO DE DESENVOLVIMENTO DE MINAS GERAIS S.A - BDMG,10991,23,694,171,8,6,8006,600000000.00,0,FINANCIAMENTO À INFRAESTRUTURA E AO DESENVOLVIMENTO SUSTENTÁVEL EM MG ENTRE BDMG E NEW DEVELOPMENT BANK (BDMG INFRA ODS),4810 - OUTRAS APLICAÇÕES,4819,OUTRAS APLICAÇÕES,12400,OUTRAS ENTIDADES - BDMG,FINANCIAMENTO À INFRAESTRUTURA E AO DESENVOLVIMENTO SUSTENTÁVEL EM MG ENTRE BDMG E NEW DEVELOPMENT BANK (BDMG INFRA ODS),PROGRAMA DE DESENVOLVIMENTO DA INFRA-ESTURUTRA E DESENVOLVIMENTO SOCIO ECONÔMICO NO ESTADO DE MINAS GERAIS
2024,1220,SECRETARIA DE ESTADO DE DESENVOLVIMENTO ECONÔMICO - SEDE,3,5251,COMPANHIA DE GÁS DE MINAS GERAIS - GASMIG,10629,25,121,123,3,13,3013,409881263.00,0,GÁS COMPETITIVO - EXPANSÃO DA REDE DE GÁS NATURAL,4610 - IMOBILIZAÇÕES,4613,OBRAS E INSTALAÇÕES,61000,OUTRAS ORIGENS,GÁS COMPETITIVO - EXPANSÃO DA REDE DE GÁS NATURAL,#VEMPRAMINAS - ATRAÇÃO DE INVESTIMENTOS
2024,1220,SECRETARIA DE ESTADO DE DESENVOLVIMENTO ECONÔMICO - SEDE,3,5381,MINAS GERAIS ADMINISTRAÇÃO E SERVIÇOS S.A - MGS,9239,4,122,57,8,2,8002,4300000.00,0,INVESTIMENTOS EM ATIVO FIXO PARA PRESTAÇÃO DE SERVIÇO,4610 - IMOBILIZAÇÕES,4614,"MÁQUINAS, APARELHOS E EQUIPAMENTOS",51000,RECURSOS PRÓPRIOS,INVESTIMENTOS EM ATIVO FIXO PARA PRESTAÇÃO DE SERVIÇO,SOLUÇÕES EM SERVIÇOS DE APOIO TÉCNICO-OPERACIONAL
2024,1220,SECRETARIA DE ESTADO DE DESENVOLVIMENTO ECONÔMICO - SEDE,3,5381,MINAS GERAIS ADMINISTRAÇÃO E SERVIÇOS S.A - MGS,9239,4,122,57,8,2,8002,200000.00,0,INVESTIMENTOS EM ATIVO FIXO PARA PRESTAÇÃO DE SERVIÇO,4610 - IMOBILIZAÇÕES,4615,MÓVEIS E UTENSÍLIOS,51000,RECURSOS PRÓPRIOS,INVESTIMENTOS EM ATIVO FIXO PARA PRESTAÇÃO DE SERVIÇO,SOLUÇÕES EM SERVIÇOS DE APOIO TÉCNICO-OPERACIONAL
2024,1220,SECRETARIA DE ESTADO DE DESENVOLVIMENTO ECONÔMICO - SEDE,3,5381,MINAS GERAIS ADMINISTRAÇÃO E SERVIÇOS S.A - MGS,9239,4,122,57,8,2,8002,4000000.00,0,INVESTIMENTOS EM ATIVO FIXO PARA PRESTAÇÃO DE SERVIÇO,4810 - OUTRAS APLICAÇÕES,4817,EQUIPAMENTOS E SOFTWARE,51000,RECURSOS PRÓPRIOS,INVESTIMENTOS EM ATIVO FIXO PARA PRESTAÇÃO DE SERVIÇO,SOLUÇÕES EM SERVIÇOS DE APOIO TÉCNICO-OPERACIONAL
2024,1220,SECRETARIA DE ESTADO DE DESENVOLVIMENTO ECONÔMICO - SEDE,3,5381,MINAS GERAIS ADMINISTRAÇÃO E SERVIÇOS S.A - MGS,9239,4,122,57,8,2,8002,1000.00,0,INVESTIMENTOS EM ATIVO FIXO PARA PRESTAÇÃO DE SERVIÇO,4810 - OUTRAS APLICAÇÕES,4819,OUTRAS APLICAÇÕES,11101,TESOURO ORDINÁRIO - APLICAÇÃO LIVRE,INVESTIMENTOS EM ATIVO FIXO PARA PRESTAÇÃO DE SERVIÇO,SOLUÇÕES EM SERVIÇOS DE APOIO TÉCNICO-OPERACIONAL
2024,1220,SECRETARIA DE ESTADO DE DESENVOLVIMENTO ECONÔMICO - SEDE,3,5391,CEMIG GERAÇÃO E TRANSMISSÃO S.A - CEMIG GERAÇÃO E TRANSMISSÃO,9420,25,752,92,3,4,3004,198940203.00,0,EXPANSÃO DO SISTEMA DE TRANSMISSÃO,4610 - IMOBILIZAÇÕES,4613,OBRAS E INSTALAÇÕES,51000,RECURSOS PRÓPRIOS,EXPANSÃO DO SISTEMA DE TRANSMISSÃO,TRANSMISSÃO DE ENERGIA ELÉTRICA
2024,1220,SECRETARIA DE ESTADO DE DESENVOLVIMENTO ECONÔMICO - SEDE,3,5391,CEMIG GERAÇÃO E TRANSMISSÃO S.A - CEMIG GERAÇÃO E TRANSMISSÃO,9421,25,752,92,3,5,3005,241821909.00,0,REFORMAS DE SUBESTAÇÕES E LINHAS DE TRANSMISSÃO,4610 - IMOBILIZAÇÕES,4613,OBRAS E INSTALAÇÕES,51000,RECURSOS PRÓPRIOS,REFORMAS DE SUBESTAÇÕES E LINHAS DE TRANSMISSÃO,TRANSMISSÃO DE ENERGIA ELÉTRICA
2024,1220,SECRETARIA DE ESTADO DE DESENVOLVIMENTO ECONÔMICO - SEDE,3,5391,CEMIG GERAÇÃO E TRANSMISSÃO S.A - CEMIG GERAÇÃO E TRANSMISSÃO,9430,25,752,92,3,6,3006,30805275.00,0,MANUTENÇÃO DA INFRAESTRUTURA DA TRANSMISSÃO,4610 - IMOBILIZAÇÕES,4614,"MÁQUINAS, APARELHOS E EQUIPAMENTOS",51000,RECURSOS PRÓPRIOS,MANUTENÇÃO DA INFRAESTRUTURA DA TRANSMISSÃO,TRANSMISSÃO DE ENERGIA ELÉTRICA
2024,1220,SECRETARIA DE ESTADO DE DESENVOLVIMENTO ECONÔMICO - SEDE,3,5391,CEMIG GERAÇÃO E TRANSMISSÃO S.A - CEMIG GERAÇÃO E TRANSMISSÃO,10062,25,752,94,3,1,3001,49096963.00,0,EXPANSÃO DO SISTEMA DE GERAÇÃO,4610 - IMOBILIZAÇÕES,4613,OBRAS E INSTALAÇÕES,51000,RECURSOS PRÓPRIOS,EXPANSÃO DO SISTEMA DE GERAÇÃO,GERAÇÃO DE ENERGIA ELÉTRICA
2024,1220,SECRETARIA DE ESTADO DE DESENVOLVIMENTO ECONÔMICO - SEDE,3,5391,CEMIG GERAÇÃO E TRANSMISSÃO S.A - CEMIG GERAÇÃO E TRANSMISSÃO,9440,25,752,94,3,7,3007,130600000.00,0,"REFORMAS, MELHORIAS E AMPLIAÇÕES DE USINAS",4610 - IMOBILIZAÇÕES,4614,"MÁQUINAS, APARELHOS E EQUIPAMENTOS",51000,RECURSOS PRÓPRIOS,"REFORMAS, MELHORIAS E AMPLIAÇÕES DE USINAS",GERAÇÃO DE ENERGIA ELÉTRICA
2024,1220,SECRETARIA DE ESTADO DE DESENVOLVIMENTO ECONÔMICO - SEDE,3,5391,CEMIG GERAÇÃO E TRANSMISSÃO S.A - CEMIG GERAÇÃO E TRANSMISSÃO,9450,25,752,94,3,8,3008,13194360.00,0,MANUTENÇÃO DA INFRAESTRUTURA DA GERAÇÃO,4610 - IMOBILIZAÇÕES,4614,"MÁQUINAS, APARELHOS E EQUIPAMENTOS",51000,RECURSOS PRÓPRIOS,MANUTENÇÃO DA INFRAESTRUTURA DA GERAÇÃO,GERAÇÃO DE ENERGIA ELÉTRICA
2024,1220,SECRETARIA DE ESTADO DE DESENVOLVIMENTO ECONÔMICO - SEDE,3,5391,CEMIG GERAÇÃO E TRANSMISSÃO S.A - CEMIG GERAÇÃO E TRANSMISSÃO,10677,25,752,94,3,14,3014,508846661.00,0,INVESTIMENTOS EM PARTICIPAÇÕES SOCIETÁRIAS CEMIG GERAÇÃO E TRANSMISSÃO,4510 - PARTICIPAÇÃO SOCIETÁRIA,4511,SOCIEDADES CONTROLADAS,51000,RECURSOS PRÓPRIOS,INVESTIMENTOS EM PARTICIPAÇÕES SOCIETÁRIAS CEMIG GERAÇÃO E TRANSMISSÃO,GERAÇÃO DE ENERGIA ELÉTRICA
2024,1220,SECRETARIA DE ESTADO DE DESENVOLVIMENTO ECONÔMICO - SEDE,3,5401,CEMIG DISTRIBUIÇÃO S.A - CEMIG DISTRIBUIDORA,9332,25,752,72,3,2,3002,3487433034.00,0,EXECUÇÃO DO PLANO DE DESENVOLVIMENTO DA DISTRIBUIDORA (PDD),4610 - IMOBILIZAÇÕES,4613,OBRAS E INSTALAÇÕES,51000,RECURSOS PRÓPRIOS,EXECUÇÃO DO PLANO DE DESENVOLVIMENTO DA DISTRIBUIDORA (PDD),DISTRIBUIÇÃO DE ENERGIA ELÉTRICA
2024,1220,SECRETARIA DE ESTADO DE DESENVOLVIMENTO ECONÔMICO - SEDE,3,5401,CEMIG DISTRIBUIÇÃO S.A - CEMIG DISTRIBUIDORA,9408,25,752,72,3,3,3003,247223810.00,0,MANUTENÇÃO DA INFRAESTRUTURA DA DISTRIBUIÇÃO,4610 - IMOBILIZAÇÕES,4614,"MÁQUINAS, APARELHOS E EQUIPAMENTOS",51000,RECURSOS PRÓPRIOS,MANUTENÇÃO DA INFRAESTRUTURA DA DISTRIBUIÇÃO,DISTRIBUIÇÃO DE ENERGIA ELÉTRICA
2024,1220,SECRETARIA DE ESTADO DE DESENVOLVIMENTO ECONÔMICO - SEDE,3,5511,COPASA - SERVIÇOS DE SANEAMENTO INTEGRADO DO NORTE E NORDESTE DE MINAS GERAIS S/A - COPANOR,10605,17,512,27,6,5,6005,2000000.00,0,ADEQUAÇÃO DA INFRAESTRUTURA ADMINSITRATIVA E OPERACIONAL DA COPANOR,4610 - IMOBILIZAÇÕES,4613,OBRAS E INSTALAÇÕES,51000,RECURSOS PRÓPRIOS,ADEQUAÇÃO DA INFRAESTRUTURA ADMINSITRATIVA E OPERACIONAL DA COPANOR,GESTÃO AMBIENTAL
2024,1220,SECRETARIA DE ESTADO DE DESENVOLVIMENTO ECONÔMICO - SEDE,3,5511,COPASA - SERVIÇOS DE SANEAMENTO INTEGRADO DO NORTE E NORDESTE DE MINAS GERAIS S/A - COPANOR,10604,17,512,27,8,5,8005,45000000.00,0,UNIVERSALIZAÇÃO DOS SERVIÇOS DE SANEAMENTO NA ÁREA DA COPANOR,4610 - IMOBILIZAÇÕES,4613,OBRAS E INSTALAÇÕES,51000,RECURSOS PRÓPRIOS,UNIVERSALIZAÇÃO DOS SERVIÇOS DE SANEAMENTO NA ÁREA DA COPANOR,GESTÃO AMBIENTAL
2024,1300,"SECRETARIA DE ESTADO DE INFRAESTRUTURA, MOBILIDADE E PARCERIA - SEINFRA",3,5261,TREM METROPOLITANO DE BELO HORIZONTE S.A - TREM METROPOLITANO,9927,26,783,705,8,11,8011,1000.00,0,MANUTENÇÃO E ADEQUAÇÃO DA INFRA-ESTRUTURA ADMINISTRATIVA E OPERACIONAL - TRANSPORTES METROPOLITANOS,4510 - PARTICIPAÇÃO SOCIETÁRIA,4511,SOCIEDADES CONTROLADAS,11101,TESOURO ORDINÁRIO - APLICAÇÃO LIVRE,MANUTENÇÃO E ADEQUAÇÃO DA INFRA-ESTRUTURA ADMINISTRATIVA E OPERACIONAL - TRANSPORTES METROPOLITANOS,APOIO ÀS POLÍTICAS PÚBLICAS
2024,1500,SECRETARIA DE ESTADO DE PLANEJAMENTO E GESTÃO - SEPLAG,3,5141,COMPANHIA DE TECNOLOGIA DA INFORMAÇÃO DO ESTADO DE MINAS GERAIS - PRODEMGE,10882,4,126,30,6,6,6006,3280000.00,0,MANUTENÇÃO DAS UNIDADES PREDIAIS,4610 - IMOBILIZAÇÕES,4613,OBRAS E INSTALAÇÕES,51000,RECURSOS PRÓPRIOS,MANUTENÇÃO DAS UNIDADES PREDIAIS,SOLUÇÕES EM TECNOLOGIA DA INFORMAÇÃO E COMUNICAÇÃO
2024,1500,SECRETARIA DE ESTADO DE PLANEJAMENTO E GESTÃO - SEPLAG,3,5141,COMPANHIA DE TECNOLOGIA DA INFORMAÇÃO DO ESTADO DE MINAS GERAIS - PRODEMGE,9116,4,126,30,8,1,8001,35386354.00,0,AQUISIÇÃO DE HARDWARES E SOFTWARES PARA PRESTAÇÃO DE SERVIÇOS EM TECNOLOGIA DA INFORMAÇÃO E COMUNICAÇÃO,4810 - OUTRAS APLICAÇÕES,4817,EQUIPAMENTOS E SOFTWARE,51000,RECURSOS PRÓPRIOS,AQUISIÇÃO DE HARDWARES E SOFTWARES PARA PRESTAÇÃO DE SERVIÇOS EM TECNOLOGIA DA INFORMAÇÃO E COMUNICAÇÃO,SOLUÇÕES EM TECNOLOGIA DA INFORMAÇÃO E COMUNICAÇÃO
